geo_err_heldout,geo_err_dense,geo_err_near_pert,geo_err_corners,mge,time_ms,num_inverted_triangles,num_inliers,seed,method
2.5205725279433433,4.136455132527224,6.816752954714961,9.238286021070454,14.74856948852539,1.3120099999923696,,322,0,RANSAC + global H
2.1965270333193203,2.3103727543343098,6.071690922632424,1.812234514852143,10.417927742004395,0.6949350001832499,,340,0,MAGSAC++ + global H
2.455062312753226,2.793176995062963,6.229225228923271,3.3664811412145434,11.608155250549316,6.75529899990579,,329,0,Base paper (hist filter + global H)
6.05508031361985,7.91125844731745,8.955316008641766,14.141686077626645,22.703516006469727,11.302000000114276,0.0,329,0,CPW-style (grid + H-prior)
1.2739143107297188,1.942281731900141,4.66526198304148,2.6177549166002074,7.6643290519714355,422.74957500012533,,329,0,APAP / Moving-DLT
3.2902179168731402,7.149455124012799,7.040466689683897,22.605333994745756,18.44268035888672,23.511687000109305,0.0,329,0,Li/Tang-style (Delaunay + H-prior)
3.478975076132578,8.06776447037926,7.422848258050864,25.73652965589475,19.67487907409668,11.50448399994275,1.0,329,0,"Ours: Delaunay, barycentric"
3.2996137113259922,7.854773085240544,7.746286703523147,25.73652965589475,19.569902420043945,10.116399000025922,1.0,329,0,"Ours: Delaunay, Hermite (best)"
1.98374307778249,3.1883484862268583,5.918340279929764,1.4230253942346183,10.089498519897461,0.6980999999086634,,214,1,RANSAC + global H
2.0859134948608955,3.353913972690398,5.974766169837814,2.0988383158261987,10.181788444519043,0.46488700013469497,,220,1,MAGSAC++ + global H
2.323268976050823,3.583323603917675,5.18050773855644,5.567532971963088,10.199763298034668,3.7270709999575047,,218,1,Base paper (hist filter + global H)
4.733884899272858,5.088712763941129,6.146418890901199,10.799767749569682,13.253883361816406,7.729752999921402,0.0,218,1,CPW-style (grid + H-prior)
0.8665611956150342,2.5709816261497163,4.062293923669696,3.9781361789155505,6.0554609298706055,230.410971000083,,218,1,APAP / Moving-DLT
1.4989180453700697,2.9520004847705588,5.0034017324468145,3.8292353990491437,8.264303207397461,14.334346999930858,1.0,218,1,Li/Tang-style (Delaunay + H-prior)
1.435190246840651,2.9394661770630632,4.967387902011027,3.9382800440190238,8.25217056274414,11.524972999950478,1.0,218,1,"Ours: Delaunay, barycentric"
1.5239601797669464,3.095906250981602,5.008098339927126,3.9382800440190238,8.822626113891602,12.900203999834048,1.0,218,1,"Ours: Delaunay, Hermite (best)"
4.612355968759625,10.8783677515905,12.805758844724467,17.753330693156467,14.101739883422852,0.7965649999732705,,237,2,RANSAC + global H
2.067222051085561,3.57797333216468,5.918926498724171,7.402568142446601,7.4758710861206055,0.6528829999297159,,289,2,MAGSAC++ + global H
4.291339813655874,9.2386395127495,11.48529837113624,14.199291623197901,12.892309188842773,1.4717840001594595,,58,2,Base paper (hist filter + global H)
7.105685324333269,10.6716069223489,11.835873395356336,15.469959662632172,15.365316390991211,4.932359999884284,0.0,58,2,CPW-style (grid + H-prior)
4.000289939184588,9.065764549319434,11.233886266384967,13.91886956349684,12.34827709197998,40.37954299997182,,58,2,APAP / Moving-DLT
5.134204565055344,11.306643875827678,10.611591832671504,24.764915205571327,15.668835639953613,5.252223000070444,0.0,58,2,Li/Tang-style (Delaunay + H-prior)
6.023069389558496,13.160197878682608,11.267479773464961,28.214946340304852,17.068180084228516,4.8302180000519,0.0,58,2,"Ours: Delaunay, barycentric"
5.7978130918145485,12.81890465697373,10.72783262731087,28.214946340304852,16.420055389404297,5.677401999946596,0.0,58,2,"Ours: Delaunay, Hermite (best)"
5.570553735678367,3.8463910822398164,6.398513510055186,3.683652780643483,10.006790161132812,2.840274999925896,,159,3,RANSAC + global H
4.3634881134334815,3.07901824914988,5.41466167846703,3.225243953158162,9.479178428649902,0.8370309999463643,,181,3,MAGSAC++ + global H
4.182609958165597,4.849974651594715,6.266825192378402,8.567012771593607,10.59872817993164,1.332931999968423,,61,3,Base paper (hist filter + global H)
5.83797100252813,5.386781220364614,6.370950798847257,10.028891652237183,11.194180488586426,4.372216000092521,0.0,61,3,CPW-style (grid + H-prior)
2.274572429477568,3.8082177605111345,4.7337142268796155,7.8041553934544305,7.704005718231201,36.114183999870875,,61,3,APAP / Moving-DLT
5.0759793410568355,6.711719414781134,6.6378772187585335,19.288827854612673,11.401169776916504,5.775760999995327,0.0,61,3,Li/Tang-style (Delaunay + H-prior)
5.565240618209781,7.7332258417503015,7.1291121325980935,22.607320434098195,12.168465614318848,5.919671999890852,0.0,61,3,"Ours: Delaunay, barycentric"
5.385374601395849,7.547680827782862,6.4639797787168645,22.607320434098195,11.614645004272461,5.342466999991302,0.0,61,3,"Ours: Delaunay, Hermite (best)"
2.493491967120756,5.246014869299965,7.889495813675827,7.15985740643072,4.110020160675049,0.552683000023535,,112,4,RANSAC + global H
2.4716484226051976,6.108405050542094,7.515102423581752,10.821692795875018,4.5225982666015625,0.5465449999064731,,113,4,MAGSAC++ + global H
2.25562702872833,4.371115253118443,7.473556218126079,6.171978155528428,4.046950340270996,1.7047339999862743,,116,4,Base paper (hist filter + global H)
5.921317795987921,5.387046616541857,7.923092379871122,9.176483304222602,6.385547637939453,4.876859999967564,0.0,116,4,CPW-style (grid + H-prior)
1.3085990752810719,3.8370147056127486,6.210782516046675,5.347578859964215,3.125627040863037,82.32443599990802,,116,4,APAP / Moving-DLT
2.599861765823943,6.053011542410485,7.899630805190584,10.728486677255903,4.954923629760742,7.831787999975859,0.0,116,4,Li/Tang-style (Delaunay + H-prior)
2.6986030452893406,7.607016586927512,8.588741084345568,13.501622113406784,5.166154384613037,6.773854000130086,0.0,116,4,"Ours: Delaunay, barycentric"
2.3423434254075293,8.978660265390776,10.62802192100458,13.501622113406784,5.442818641662598,6.4809040000000095,0.0,116,4,"Ours: Delaunay, Hermite (best)"
2.3142513529465214,3.4654026099565773,7.441257948185577,4.464472342753638,7.6420745849609375,0.5990159997963929,,130,5,RANSAC + global H
2.2668828542878523,3.5096663195319375,7.435333467851851,4.428501352302797,7.652879238128662,0.4898170000160462,,133,5,MAGSAC++ + global H
2.0703506959971976,3.3699256687153674,7.037083404510604,4.135037166624306,8.040438652038574,2.242556000055629,,157,5,Base paper (hist filter + global H)
3.2385325455433667,5.17877622031959,7.21354910816972,9.058925667934137,9.744616508483887,5.878811000002315,0.0,157,5,CPW-style (grid + H-prior)
0.4905984920192293,1.723938893435419,4.523133595134272,2.812240546150618,5.07600736618042,128.94460099983007,,157,5,APAP / Moving-DLT
1.530093031846521,4.07070841917506,6.489717837590266,12.881898707811754,8.043220520019531,12.766532000114239,2.0,157,5,Li/Tang-style (Delaunay + H-prior)
1.6916910638737404,4.390330870279182,6.30589190659622,14.259083065713217,8.286917686462402,11.014542999873811,2.0,157,5,"Ours: Delaunay, barycentric"
1.6989832291742513,4.471576365888533,6.612937683289692,14.259083065713217,8.39504623413086,9.645269999964512,2.0,157,5,"Ours: Delaunay, Hermite (best)"
2.967374521097055,7.403046216406445,4.861086039320045,19.395601830513208,10.201165199279785,0.6249049999951239,,244,6,RANSAC + global H
2.63870772653429,4.970569054348153,4.596849430541326,11.773078512891242,8.399441719055176,0.629720000006273,,254,6,MAGSAC++ + global H
3.3421476811563924,8.195084589448282,6.855468724567927,19.23048277457637,11.413717269897461,2.7109559998734767,,153,6,Base paper (hist filter + global H)
5.117282287581906,9.554827802832458,8.632542270825674,17.745774213980148,14.206365585327148,6.072264999829713,0.0,153,6,CPW-style (grid + H-prior)
2.9303296722262884,7.925074407816251,6.444332421867545,18.901634724140276,10.403589248657227,126.21196999998574,,153,6,APAP / Moving-DLT
3.2984104045340668,8.374943829143007,7.875638795319579,17.163207175080984,12.393190383911133,9.432758999992075,0.0,153,6,Li/Tang-style (Delaunay + H-prior)
5.501772276908224,12.025701693481984,9.163617277363679,19.32987553252192,15.590840339660645,8.435494999957882,0.0,153,6,"Ours: Delaunay, barycentric"
5.379933539074763,12.184978649622812,8.98510524996859,19.32987553252192,15.543283462524414,8.230498999864722,0.0,153,6,"Ours: Delaunay, Hermite (best)"
2.651117043087503,2.3159162605311323,4.96477947249518,2.1811277175292796,7.843940258026123,0.8248479998655966,,108,7,RANSAC + global H
2.6803999512610512,2.3704120550408296,4.96099624376724,2.918747687264993,7.784626483917236,0.299568999935218,,106,7,MAGSAC++ + global H
2.7833740175221253,2.5450676295166064,4.7893771693178095,2.9321295326438896,8.865561485290527,2.143653000075574,,131,7,Base paper (hist filter + global H)
6.932788266183428,7.154958375658042,7.2017887592953125,9.019023139455738,16.586448669433594,5.775660999915999,0.0,131,7,CPW-style (grid + H-prior)
1.397215041048026,1.2621111701457384,2.8277543443475266,1.074921847635873,5.199164867401123,123.99584600007074,,131,7,APAP / Moving-DLT
3.2529397306192336,4.113188527340678,4.120183800564178,9.17131215357822,12.842720985412598,8.919300000115982,0.0,131,7,Li/Tang-style (Delaunay + H-prior)
3.628709644105037,4.707723840064236,4.137770446273551,11.091798844191173,14.1492919921875,8.631775000139896,0.0,131,7,"Ours: Delaunay, barycentric"
3.859627759747583,4.78867307853618,3.9633755341895776,11.091798844191173,13.453287124633789,8.34661000021697,0.0,131,7,"Ours: Delaunay, Hermite (best)"
2.6422693786744493,2.8637124755409618,6.729421236400975,3.434400487079167,10.313069343566895,0.6940660000509524,,387,8,RANSAC + global H
2.5575469917437563,2.6628307159038975,6.407491466568894,3.7014858307872234,10.274991035461426,0.792267999941032,,384,8,MAGSAC++ + global H
2.574969909005939,2.8250398876559046,6.580336257953856,3.745742842874826,10.581442832946777,6.891632000133541,,439,8,Base paper (hist filter + global H)
4.546374720684412,6.29003203324177,6.465816207493744,11.045056106057993,21.80866050720215,8.097050999822386,0.0,439,8,CPW-style (grid + H-prior)
1.4778687237169532,1.515421368375232,4.619957101132497,2.632288756115392,5.748388767242432,281.0412469998482,,439,8,APAP / Moving-DLT
1.980055875704795,3.5336229160510726,5.100071089811812,10.1504108002309,11.550268173217773,18.315866999955688,0.0,439,8,Li/Tang-style (Delaunay + H-prior)
1.9375422401534537,3.7366772093480827,4.869446281630769,11.396553405527357,11.882950782775879,14.122081000095932,0.0,439,8,"Ours: Delaunay, barycentric"
1.9618219939906734,4.176294004158462,4.8267422907301425,11.396553405527357,12.662793159484863,13.925630000130695,0.0,439,8,"Ours: Delaunay, Hermite (best)"
1.7881274840920076,2.6099936209615278,6.8650877115465185,2.7178318381306226,8.069645881652832,0.6105620000198542,,198,9,RANSAC + global H
1.8518124275602474,2.786616319175507,6.903708709832922,3.338078125724835,8.442639350891113,0.514216000055967,,201,9,MAGSAC++ + global H
2.0362384090975576,3.0456283974885405,6.710752119816383,3.819823405806895,8.528563499450684,3.0380769999283075,,195,9,Base paper (hist filter + global H)
4.558463279541401,5.671307219867885,7.739641817593257,7.081781066865212,12.562667846679688,7.109259999879214,0.0,195,9,CPW-style (grid + H-prior)
1.0588533831189204,1.816668473307381,5.244884017246057,2.899712536329546,5.634784698486328,176.83678000003056,,195,9,APAP / Moving-DLT
2.836817420374351,4.801226868090762,6.468342055722849,11.723274041829418,9.203526496887207,16.575895999949353,0.0,195,9,Li/Tang-style (Delaunay + H-prior)
3.1932513102985034,5.253968753080401,6.42965955213647,13.17075130441158,9.545016288757324,12.166721999847141,0.0,195,9,"Ours: Delaunay, barycentric"
3.051745398562512,5.529222330025987,6.810416738814284,13.17075130441158,9.884432792663574,11.208045000103084,0.0,195,9,"Ours: Delaunay, Hermite (best)"
